INSERT INTO `Grad` (`idGrada`,`naziv`,`drzava`,`postanskiKod`) VALUES (1,"East Kilbride","Tanzania","8722"),(2,"Namen","Niue","30-369"),(3,"Waitara","Armenia","84183"),(4,"Bordeaux","Hong Kong","52515"),(5,"Eindhout","American Samoa","997510"),(6,"Whitchurch-Stouffville","Nigeria","67570"),(7,"Minna","Mauritania","25526-996"),(8,"Siquirres","Botswana","25504"),(9,"Noicattaro","Liechtenstein","4144"),(10,"Borriana","Bulgaria","73824");
INSERT INTO `Grad` (`idGrada`,`naziv`,`drzava`,`postanskiKod`) VALUES (11,"Recco","Thailand","91572"),(12,"Vaughan","Equatorial Guinea","67221-144"),(13,"Rueglio","Korea, North","63329"),(14,"Lorient","Somalia","90-293"),(15,"Blehen","Jamaica","284386"),(16,"Combarbalá","Qatar","434799"),(17,"Juseret","Slovakia","99060"),(18,"Lakeshore","Sudan","17387"),(19,"Sinaai-Waas","Chile","19757-575"),(20,"Molfetta","Uganda","4244");
INSERT INTO `Grad` (`idGrada`,`naziv`,`drzava`,`postanskiKod`) VALUES (21,"Noida","Anguilla","912994"),(22,"Hallein","Guinea","448747"),(23,"Independence","Norfolk Island","565305"),(24,"Omaha","Bosnia and Herzegovina","79987"),(25,"Cochin","South Africa","UB4R 8ZB"),(26,"Friedberg","Honduras","89039"),(27,"Strathcona County","Haiti","90877"),(28,"Hoofddorp","Antarctica","382547"),(29,"Crowsnest Pass","Botswana","3786"),(30,"Columbia","Guinea-Bissau","05313");
INSERT INTO `Grad` (`idGrada`,`naziv`,`drzava`,`postanskiKod`) VALUES (31,"Lelystad","British Indian Ocean Territory","57199"),(32,"San Cristóbal de la Laguna","Sri Lanka","J7P 6N1"),(33,"Chapecó","China","15-871"),(34,"Asnières-sur-Seine","Azerbaijan","81563-230"),(35,"Brampton","Saint Pierre and Miquelon","M5G 6G5"),(36,"Padre Hurtado","Burundi","2819"),(37,"Pontboset","Malawi","233215"),(38,"McCallum","Sierra Leone","6514WQ"),(39,"Grand-Reng","Congo (Brazzaville)","15813"),(40,"Bellevue","Senegal","96-412");
INSERT INTO `Grad` (`idGrada`,`naziv`,`drzava`,`postanskiKod`) VALUES (41,"Nuremberg","Andorra","5306"),(42,"Covington","Micronesia","86446"),(43,"Wabamun","Timor-Leste","51774"),(44,"Wibrin","Antarctica","8401"),(45,"Bayswater","Croatia","09917"),(46,"Orciano Pisano","Niger","80971-090"),(47,"Melton","Cyprus","T68 4HP"),(48,"Cambrai","Saint Kitts and Nevis","90668"),(49,"Freiburg","Mongolia","01220"),(50,"Arnhem","Malta","39388");
INSERT INTO `Grad` (`idGrada`,`naziv`,`drzava`,`postanskiKod`) VALUES (51,"Pepingen","Cook Islands","46908"),(52,"Blieskastel","Gibraltar","HW4 9KL"),(53,"Welland","French Polynesia","48516-567"),(54,"San Martino in Badia/St. Martin in Thurn","Uruguay","33375"),(55,"Bellevue","Armenia","77627"),(56,"Charlottetown","Netherlands","1644"),(57,"Montreal","Finland","89943"),(58,"Piringen","Mauritius","6576"),(59,"Kanchipuram","Vanuatu","964772"),(60,"Fratta Todina","Antigua and Barbuda","93135");
INSERT INTO `Grad` (`idGrada`,`naziv`,`drzava`,`postanskiKod`) VALUES (61,"Aubagne","Belize","79864"),(62,"Thorn","Cayman Islands","09931"),(63,"Sioux City","Antigua and Barbuda","4075"),(64,"Erli","Russian Federation","IS4 0NZ"),(65,"Sepino","Luxembourg","UU0Y 9PR"),(66,"Anjou","Belgium","42306"),(67,"Lorient","Niger","375407"),(68,"Okpoko","Iran","SB0 7XJ"),(69,"Zaanstad","Uzbekistan","41606"),(70,"Nogales","Uruguay","8367");
INSERT INTO `Grad` (`idGrada`,`naziv`,`drzava`,`postanskiKod`) VALUES (71,"Ongole","Gabon","20620-706"),(72,"Sambreville","Swaziland","765417"),(73,"Gretna","Cayman Islands","G9H 8Y0"),(74,"Tomé","Nauru","38399"),(75,"Imst","Costa Rica","82111"),(76,"Saint Louis","Kiribati","09219"),(77,"Batiscan","Greece","71507"),(78,"Raymond","Uganda","53273-665"),(79,"Bludenz","India","42311"),(80,"Rivello","British Indian Ocean Territory","6217");
INSERT INTO `Grad` (`idGrada`,`naziv`,`drzava`,`postanskiKod`) VALUES (81,"Armstrong","France","027736"),(82,"Delta","South Georgia and The South Sandwich Islands","48028"),(83,"Salzburg","Reunion","2892"),(84,"Palmariggi","Malta","36916"),(85,"Neder-Over-Heembeek","Guatemala","743259"),(86,"Otegem","Cayman Islands","32-132"),(87,"Caccamo","Paraguay","L1R 7H2"),(88,"Versailles","Libya","P5E 0S4"),(89,"Rampur","Viet Nam","11415"),(90,"Braunschweig","Montserrat","516051");
INSERT INTO `Grad` (`idGrada`,`naziv`,`drzava`,`postanskiKod`) VALUES (91,"Maidenhead","Bolivia","50458"),(92,"María Pinto","South Georgia and The South Sandwich Islands","5991XG"),(93,"Nivelles","Congo, the Democratic Republic of the","22111"),(94,"Dornbirn","Jordan","705280"),(95,"Greenock","Honduras","69219"),(96,"Rugby","Guernsey","21814"),(97,"Villers-la-Bonne-Eau","San Marino","9524"),(98,"Tirrases","Saudi Arabia","76925"),(99,"Fontaine-Valmont","Bahamas","87636"),(100,"Beez","Timor-Leste","348990");

INSERT INTO `CenovnikUsluga` (`sifraUsluge`,`naziv`,`cena`,`opis`) VALUES ("DANOGLASA","Dan oglasa",0.00001,"Dan trajanja oglasa"),("SPEC","Promo oglas",0.001,"Dan promo oglasa");

INSERT INTO `Korisnik` (`idKorisnik`,`korisnickoIme`,`lozinka`,`email`) VALUES (1,"4FD397A2-8E1C-094A-45DC-FE51B2411D89","KCQ29WGY1JN","Quisque@litoratorquent.com"),(2,"1A5FF37D-C421-08CD-1E04-006913B8C891","RJP89JTQ7EY","rutrum.Fusce@Nam.org"),(3,"E792AA68-CD7E-D64F-3722-8499C8B3F2C1","BDY07QZH0RP","Donec.egestas.Aliquam@cursus.ca"),(4,"A2D66C6A-1A88-6A8D-567F-D4D65C95EA6C","NFB28QZI0KX","Nam@ultriciesadipiscingenim.net"),(5,"91141444-00BA-FBC2-8A74-B5280EAB466D","PZX11DKS8YJ","a.auctor@mollisPhaselluslibero.edu"),(6,"F530069D-05E4-2222-57F0-F42655445A82","ZZC63QMA1VG","feugiat.nec@nulla.ca"),(7,"1FB58D32-F632-7EBC-7826-8A1BAF6D3F2F","BCK60DEF4OT","faucibus.lectus@sedorcilobortis.com"),(8,"FA423367-BE43-EADC-4FDB-9C05DCB67BA2","JBN25QZU5JB","nulla.Cras.eu@semper.edu"),(9,"58E1C698-8505-20C1-9BDE-E47A16B6CE9D","CGV64OBY8CF","Cras.dictum.ultricies@estacmattis.net"),(10,"DB2BB9EB-57C6-3888-6AFA-A5441C820741","OZA26KQX1PX","enim@pede.net");
INSERT INTO `Korisnik` (`idKorisnik`,`korisnickoIme`,`lozinka`,`email`) VALUES (11,"278C625C-7D4C-E6C6-5B46-E22C90BC2974","WLJ77ETV5FU","lorem@interdumNunc.org"),(12,"A71D4256-44B8-5689-72D1-7B0D3C0F6F44","ZKS16JTP5IH","convallis.erat@erosnonenim.org"),(13,"CA43077C-C5FA-E1C6-8AE2-6A0DBE30F6DE","GFZ72KKN8HP","consequat.enim.diam@Fuscealiquetmagna.ca"),(14,"CA04E4A6-5973-CBC4-E869-F3E86D5C8023","DGT92CFF9MT","leo.in.lobortis@esttempor.net"),(15,"7A80A893-6471-5205-D91B-A147E62A109F","TOO30GYX0NX","vehicula.risus@orciconsectetuereuismod.ca"),(16,"9C3FE72F-B48A-B064-93D2-B02444F10033","LNZ32HCG8AK","tristique.aliquet@nibhlaciniaorci.co.uk"),(17,"22280DE7-5F95-D5C4-D20E-7440D5C25684","WLD01CHX2OU","iaculis.nec@Duis.org"),(18,"0D0B782E-4B66-FA6A-CD5C-78079B5DD0E4","LDV29ZSS5HY","taciti@aliquetmetusurna.ca"),(19,"748F192C-5870-2B5A-0583-6E05085E8C9C","ZWD53HVD6QC","ante.blandit@tincidunt.ca"),(20,"D92FAE39-90AC-8CE5-4067-1FFF488C5CB5","ZAA53RVI8WX","leo.Vivamus.nibh@molestiearcu.ca");
INSERT INTO `Korisnik` (`idKorisnik`,`korisnickoIme`,`lozinka`,`email`) VALUES (21,"B459BCD3-E824-49C7-3850-A8F8FA9BD2FF","HNS74BFV8TB","eu@ipsumSuspendissenon.edu"),(22,"9FE47A01-D394-86D3-4018-7F9D81BFF3DC","OUY19ACA5EX","egestas@Sedcongue.com"),(23,"B04525B8-9434-75C7-FFBD-6E2F0A4FBAB7","LOQ89IHP7RJ","tristique.aliquet@orcisemeget.org"),(24,"4BCBBD7D-6158-F698-FD13-2B92BEEC10D6","QTE76BML0QL","ridiculus@utpharetra.net"),(25,"B915F454-2AB1-3C06-074B-C8025ADFEBC7","FLL58PRC6WM","amet.ultricies@quamvelsapien.net"),(26,"BB317359-A200-7D33-D17D-5E6E21158C64","YOI10BCK6CC","diam.lorem.auctor@placerat.ca"),(27,"7B1BBF9A-7844-54C2-8A3C-7ED07C8CBD35","LTK00COM6AR","lorem.eu@justonecante.net"),(28,"79D4A8DF-FD1A-0862-2413-335D93D48D63","TCY36OWG2AK","pellentesque.Sed.dictum@dictum.co.uk"),(29,"24FAF2FA-EBD4-5246-263B-78F73C37B556","UIG45FLZ5CW","rhoncus@nostraper.com"),(30,"C8524580-E322-DB8C-94CA-9927AA53E459","YJK55KLE9XI","mi.felis@ullamcorpervelit.net");
INSERT INTO `Korisnik` (`idKorisnik`,`korisnickoIme`,`lozinka`,`email`) VALUES (31,"9643958E-C586-0441-A8BA-C4E63E4F9498","IVE17CVF9TF","magna@euismodetcommodo.org"),(32,"6FFC297A-F85B-F3B3-2EA9-49238F357D8D","MFD85HEK4WQ","rutrum.eu@volutpatornare.org"),(33,"E8E962FA-5A29-F2A8-5AEF-819B8393A291","OZU84PTT9IB","ut.dolor.dapibus@nibhQuisque.com"),(34,"A46E8BB0-8EEE-3F3D-00DC-4A4518E3BBF4","QIM32DPK0IQ","est@atpede.net"),(35,"69D1DBB5-F5D6-6D33-D440-7872DA5C7771","JXB63KUD1VU","et.magnis@pedeSuspendisse.com"),(36,"67A2A466-CB20-2594-00D8-B95241D7E729","ANL66TGW9WK","at.velit@porttitorscelerisque.org"),(37,"7276E349-5A72-B0E1-80B2-04701314436E","ICV01IXR0UJ","urna.justo.faucibus@Vivamusnon.ca"),(38,"7EC22F6C-61E9-09DA-0417-58553FBD16C0","HIW82QPB1PR","non@facilisis.ca"),(39,"B8616E3A-F591-59F5-AAE7-F64A7035B1E1","UUI97UWP6LP","auctor@enimcommodohendrerit.com"),(40,"267391EA-E7E5-CDAB-975C-40A8CD660BE1","PHO39GUC5TL","porttitor@Cras.com");
INSERT INTO `Korisnik` (`idKorisnik`,`korisnickoIme`,`lozinka`,`email`) VALUES (41,"EAF4F2CA-C12C-D61C-9AF9-95ACF22762EF","WXF43EEU5PW","Donec.tincidunt.Donec@ipsumnon.edu"),(42,"7B7F0D29-19BF-1CC8-9496-5258DD682935","QXT36ZFM0RT","adipiscing@etmalesuada.net"),(43,"B0CA5A0A-E7EB-141F-BBAC-0BB59FF0CCFB","RNC43IRX5UJ","ligula@velitegestaslacinia.org"),(44,"02F1439A-2CD1-4970-35AC-574140643AF4","WMT28DRD7JC","eu.nibh.vulputate@mollis.edu"),(45,"E239C327-F722-B286-C21A-71180A08E54F","VYD90SYP8MP","ipsum.primis.in@Integer.net"),(46,"17EE385D-8327-F72B-F39C-1281B5B3980A","GLY25ASF7HP","consequat@dolordolor.co.uk"),(47,"9FA445CC-847A-69D0-F556-138153A441C1","IYT24FKQ6JR","fringilla@turpisvitae.co.uk"),(48,"DF8CD220-7EC5-E72E-6CA1-116C8E63EFD3","AXP44GEC8AL","neque@nisidictum.net"),(49,"0E42DF2B-7AA0-CD3B-7AEA-99F5210AF765","FQA06SGC8YY","elit.pretium.et@luctusut.co.uk"),(50,"911C34FC-9BDE-6565-8BA1-2F6BE896CC75","RYZ40WGK3UI","in.lobortis.tellus@semPellentesque.edu");
INSERT INTO `Korisnik` (`idKorisnik`,`korisnickoIme`,`lozinka`,`email`) VALUES (51,"5BCEEB61-E658-C2A7-B2C0-8E5B59179A79","ZTK29LYT5FD","massa.Vestibulum.accumsan@acsem.net"),(52,"61F6AC1D-C9B6-9197-706C-A0D23FE47C9B","BCI87WQN0FJ","interdum.libero.dui@condimentumDonecat.net"),(53,"8CBC426F-FB54-45F9-56C2-87B80E9C9D0E","IHM29YIJ1BR","dui.nec.urna@dictumPhasellusin.co.uk"),(54,"C7247E7F-7D8A-7D39-EF2F-4B6F014C93E7","DYC14JGV2EA","parturient.montes@eratvel.org"),(55,"A3E9899C-677D-9F4C-C9D9-FA284B0F7DD8","IYK10REP7SW","netus.et.malesuada@Cras.co.uk"),(56,"6DE6CD59-686E-F0EC-2FA4-9D68F3A37042","MFN53XGF9ZF","feugiat@Uttincidunt.edu"),(57,"E752096E-20E9-A219-D2E4-F12B5C662B58","CQT96FDR9KM","commodo.hendrerit@penatibus.org"),(58,"4EC71034-7022-8A2B-25FE-C78AB916EF8C","MWE86UKC1FM","at@quistristique.ca"),(59,"BE4E55A7-83DC-4645-7413-7DAF59B8C385","EUI63FYE3IJ","Quisque.ac.libero@sociisnatoquepenatibus.net"),(60,"637E073B-1336-B6C5-295E-0FC5E88F6D10","ZXP52WTE9RW","aliquam.arcu.Aliquam@utlacus.ca");
INSERT INTO `Korisnik` (`idKorisnik`,`korisnickoIme`,`lozinka`,`email`) VALUES (61,"0C2EEDB5-63BA-23AA-DFA3-F884F9BEED4A","WOB95VTG6KV","ultrices@porttitorinterdumSed.edu"),(62,"0086596F-4EFE-B0D3-CF87-F90FD73CF338","SRG96BLQ0LY","ac.nulla@temporlorem.com"),(63,"D8773DBC-7BDB-6C84-6A90-33E9C1AFF838","GGW11IXK2YZ","nunc@habitantmorbitristique.org"),(64,"04CBF7FF-7663-E1F4-DF78-7A2D98A80BC7","NRS59IMP4PE","ut.molestie@egetmetuseu.org"),(65,"7268876D-ED3B-99A6-61D2-C8B801B68779","FME17YNP0JB","pellentesque.massa@enimnon.co.uk"),(66,"6F72BFED-E300-5B8E-BD19-F54388280D29","DOL79IBA3US","sapien.cursus@Suspendisse.org"),(67,"C32A3543-D030-5872-BD01-E04B8CA172E8","QEQ02AAH0CH","nunc@eget.ca"),(68,"1B877A72-55B0-90F3-827D-34775D5A65DB","AUU38FVC5EC","erat@atfringilla.edu"),(69,"85732001-EF02-5ABE-B50D-CEE768864262","AWV09YRN9BD","mollis.nec@dolorelit.net"),(70,"A772B5D5-4180-9A4A-A6DB-830E44DEDDE1","EAO49GHZ8WK","bibendum@arcu.ca");
INSERT INTO `Korisnik` (`idKorisnik`,`korisnickoIme`,`lozinka`,`email`) VALUES (71,"25806478-03DF-5B62-FF31-AB2452F02063","EGD89MFM4EU","at.pede@necquam.edu"),(72,"E542F368-3E31-E5EF-E1EA-03FD6EF945D2","CQL80EGD8EN","enim.diam.vel@urnaUt.net"),(73,"77F8DDE0-0C5A-C35C-9EEE-8CC746806364","RAD09TVG7FC","condimentum.eget@Namnullamagna.co.uk"),(74,"529B2935-D910-88BA-CCE9-E88359B5260D","WYS84XOX8OF","erat@nonsapienmolestie.ca"),(75,"9C2E3605-F27B-CDF9-8E55-6DD94E7B7553","JTL97NAL8CA","scelerisque.neque@magnaDuis.edu"),(76,"0D850D05-2541-8AC6-74EE-2A3593B0FFB7","LXF33ZHC5QS","quis.diam@facilisisSuspendissecommodo.edu"),(77,"88B177F6-48F2-93AF-F663-9E88A2A10280","OIB26GSM3UB","nisi.Mauris@Nunclaoreet.co.uk"),(78,"8DCA5C7E-9DE6-C147-ADE8-81614E237137","QPQ87GZR7EW","sit.amet@dolorquamelementum.net"),(79,"10583F3D-F52E-761F-DCE4-1DF5C8251664","PZJ97OGP2XS","Donec.luctus@lacusEtiam.ca"),(80,"DB77D48F-9E50-C16B-6059-7A0353DF4678","GRI33JAG2XX","faucibus.Morbi.vehicula@Donecdignissim.net");
INSERT INTO `Korisnik` (`idKorisnik`,`korisnickoIme`,`lozinka`,`email`) VALUES (81,"843DFA66-ED10-BFF1-E97F-D0F027149778","RSV65UCX8GV","ut.odio@Crasvehiculaaliquet.ca"),(82,"FD697035-FEF9-0F84-CBFE-229E29DEABE8","AQJ76WJA8UV","et@lectussit.com"),(83,"1E104AFC-B59B-36F6-E883-63841229A782","NHX99UBA8AK","euismod.est.arcu@non.co.uk"),(84,"8CC6D1BA-1C78-F579-C006-93E719A2532B","HSX02PAL7DI","semper@risusQuisque.com"),(85,"93FF7D95-5AF9-F567-E747-AE714103F537","SMN99NML1XH","arcu@scelerisquedui.co.uk"),(86,"BA070340-87A6-544C-7D81-CE2143D4795E","FII02BGR3GH","ante.dictum.cursus@aclibero.com"),(87,"4CE57C6C-5C67-D543-0931-C9FE8D37CBBF","KKU41BHN9FU","semper@ideratEtiam.ca"),(88,"A6F13C7A-1C83-99AF-79E6-964CC2E3058D","YPD02THM5JH","metus@massaVestibulumaccumsan.net"),(89,"9B00B40B-2E08-3B6E-BA2B-487E4158CC7B","EBN49QRG6EN","urna.convallis@aauctor.org"),(90,"9D28C0E1-BA5D-7C7C-1B66-AAC223A17E32","CSU90QFF0WP","ipsum.cursus.vestibulum@loremlorem.com");
INSERT INTO `Korisnik` (`idKorisnik`,`korisnickoIme`,`lozinka`,`email`) VALUES (91,"51CB49FB-F8CE-7A22-BB69-78681574B823","KEN72RNP2QC","cursus.luctus.ipsum@necenimNunc.org"),(92,"92239F55-98DA-17CB-17A5-7DCAF33ABC3A","ZRN62UDL0OC","dolor@semperet.co.uk"),(93,"6782F61A-D10A-C374-4CF3-C0A77BB8E2CF","SLY22PCQ2TB","aliquet.metus.urna@elit.co.uk"),(94,"3F16C72C-9482-60BF-8B43-01D6981D3D67","QLM20OAL0NX","Ut.nec.urna@adipiscingligulaAenean.ca"),(95,"D2717A4C-9807-5E6C-2640-6F9637E8E430","CCQ11WYO7QC","ipsum.primis@dictumultriciesligula.org"),(96,"56CE2D97-0E2C-7B12-59F1-F3162CB70272","VLL40QDH0JI","accumsan@necimperdiet.com"),(97,"D34E8B8B-056E-2EA8-2124-5764D6B4F10D","YDF31JFQ6RN","erat.Vivamus@pulvinar.com"),(98,"A70083DA-1A7E-9255-C614-BA8E5BE3C6C2","TSJ45SLQ0QZ","mattis.Integer.eu@Nullam.org"),(99,"60BBDF05-0DB2-7FB3-1396-C9A03C545A8C","BZD32MVS2QG","consectetuer.ipsum.nunc@Aliquamadipiscinglobortis.ca"),(100,"6098E314-7854-2A36-DB03-D035DB767455","UAS19BGU8KH","tincidunt@sem.com");

INSERT INTO `Poslodavac` (`Korisnik_idKorisnik`,`naziv`,`telefon`,`Grad_idGrada`,`ulica`,`broj`,`vebsajt`,`opis`,`kredit`) VALUES (1,"Integer LLC","15282892",5,"David Gilmore","099g","Mauris Eu Company","Lorem ipsum dolor",78),(2,"Imperdiet Inc.","65795369",45,"Grady Burns","462z","Est Congue A Inc.","Lorem ipsum dolor sit amet, consectetuer adipiscing elit. Curabitur sed",50),(3,"Ornare Associates","22978437",10,"Aaron Glass","137b","Ac Institute","Lorem ipsum dolor sit amet, consectetuer adipiscing elit. Curabitur",46),(4,"Nulla Facilisi PC","91433200",33,"Dalton Reeves","448w","Sit LLP","Lorem ipsum dolor sit",42),(5,"Feugiat Lorem Ipsum Incorporated","97074115",25,"Matthew Burt","213t","Vitae Limited","Lorem ipsum dolor sit amet, consectetuer",67),(6,"Elit Fermentum Risus Limited","82596374",39,"Kennan Mills","531j","Tincidunt LLP","Lorem ipsum dolor sit amet, consectetuer",85),(7,"Sagittis Lobortis Corporation","38174540",16,"Channing Burch","000r","Facilisis Non LLC","Lorem ipsum dolor sit",80),(8,"Congue Industries","90250522",47,"Demetrius Cain","975f","Fusce Feugiat LLC","Lorem",82),(9,"Vel Vulputate LLP","29010069",26,"Gage Burke","686i","Parturient Foundation","Lorem",7),(10,"Placerat Velit LLP","68202521",33,"Wayne Hutchinson","090b","Nulla Donec Non Limited","Lorem ipsum dolor sit amet, consectetuer adipiscing elit.",81);
INSERT INTO `Poslodavac` (`Korisnik_idKorisnik`,`naziv`,`telefon`,`Grad_idGrada`,`ulica`,`broj`,`vebsajt`,`opis`,`kredit`) VALUES (11,"Nunc LLC","75064178",11,"Wyatt Rojas","951o","At Corp.","Lorem",33),(12,"Magna Nec Quam Corp.","76060903",28,"Grant Duffy","961p","Pede Praesent Eu LLC","Lorem ipsum dolor sit amet, consectetuer adipiscing elit.",60),(13,"Ante Ipsum Industries","93831535",1,"Igor House","661h","Turpis Egestas Limited","Lorem ipsum dolor sit amet, consectetuer adipiscing elit. Curabitur",20),(14,"Sit Company","84328061",18,"Denton Kelly","060z","Dapibus Foundation","Lorem ipsum dolor sit amet, consectetuer adipiscing elit. Curabitur sed",1),(15,"Augue Corporation","67329264",12,"Armand Stafford","078t","Curae; Phasellus Consulting","Lorem ipsum dolor sit amet, consectetuer adipiscing",17),(16,"Lorem Institute","55698714",41,"Talon Avery","958j","Vitae Semper LLC","Lorem ipsum dolor sit amet, consectetuer adipiscing elit. Curabitur sed",54),(17,"Donec Nibh Limited","44269753",31,"Hilel Klein","847r","Facilisis Magna Company","Lorem ipsum dolor sit amet, consectetuer adipiscing elit.",100),(18,"Ultrices Industries","74351730",35,"Noble Hart","899b","Ut Quam Foundation","Lorem ipsum dolor sit",64),(19,"Pellentesque Ut Ipsum PC","59675732",33,"John Odonnell","828c","Et Ultrices Posuere Associates","Lorem ipsum dolor sit amet, consectetuer adipiscing elit. Curabitur sed",14),(20,"Fermentum Metus Aenean Limited","74529631",34,"Rashad Hunter","931f","Euismod Enim Etiam LLP","Lorem ipsum dolor sit amet, consectetuer",5);
INSERT INTO `Poslodavac` (`Korisnik_idKorisnik`,`naziv`,`telefon`,`Grad_idGrada`,`ulica`,`broj`,`vebsajt`,`opis`,`kredit`) VALUES (21,"Aenean Sed Pede Industries","45118084",50,"Burton Hale","737w","Pellentesque Ltd","Lorem ipsum dolor sit",100),(22,"Rhoncus Associates","38112637",40,"Chase Lowery","608k","Non Vestibulum Inc.","Lorem ipsum dolor sit amet, consectetuer adipiscing elit. Curabitur sed",91),(23,"Montes Inc.","73856212",21,"Timothy Haney","819y","Augue Inc.","Lorem ipsum dolor",83),(24,"Tempus Eu LLP","76185345",47,"Ian Blankenship","121u","Orci Lobortis Augue Associates","Lorem ipsum dolor sit amet, consectetuer",47),(25,"Torquent Per Corporation","24726154",42,"Matthew Mejia","881s","Aliquet Nec Ltd","Lorem",75),(26,"Nam Ligula Corp.","65530017",4,"Colton Gibson","977t","Tellus Inc.","Lorem ipsum dolor sit amet, consectetuer adipiscing",28),(27,"Arcu Vestibulum Corporation","44835140",11,"Jarrod Hayes","198s","Sit Industries","Lorem ipsum dolor sit amet, consectetuer adipiscing elit.",89),(28,"Magna Incorporated","96261561",9,"Jelani Stanley","317w","Aliquet Foundation","Lorem ipsum dolor sit amet, consectetuer adipiscing elit.",41),(29,"Porttitor Corp.","08359112",32,"Quinlan Hayden","956e","Neque Corp.","Lorem ipsum dolor sit amet, consectetuer",13),(30,"Felis Orci Adipiscing Associates","68347212",15,"Aladdin Pollard","551q","Nec Consulting","Lorem ipsum dolor sit amet, consectetuer adipiscing elit.",2);
INSERT INTO `Poslodavac` (`Korisnik_idKorisnik`,`naziv`,`telefon`,`Grad_idGrada`,`ulica`,`broj`,`vebsajt`,`opis`,`kredit`) VALUES (31,"A Odio Institute","23435615",12,"Vaughan Willis","088p","Enim Mauris Quis Foundation","Lorem ipsum dolor sit amet, consectetuer adipiscing elit. Curabitur",46),(32,"Amet Industries","63165412",31,"Cameron Eaton","419u","Risus PC","Lorem ipsum dolor sit amet, consectetuer adipiscing elit.",92),(33,"Sed Malesuada Augue Incorporated","36585350",27,"Damian Hodges","837q","Donec Egestas Aliquam Inc.","Lorem ipsum dolor sit amet, consectetuer adipiscing",94),(34,"Rhoncus LLC","57969116",4,"Adam Wagner","231o","Pretium Et Corporation","Lorem ipsum dolor sit amet, consectetuer adipiscing elit. Curabitur",98),(35,"Aliquam Auctor Velit Associates","86825432",49,"Hedley Chapman","862r","Eget Dictum LLP","Lorem ipsum dolor sit amet,",86),(36,"Sed Molestie Sed Foundation","22200777",9,"Phelan Banks","429s","Mauris Vel Ltd","Lorem ipsum dolor sit amet, consectetuer adipiscing elit. Curabitur",52),(37,"Felis Orci Adipiscing LLP","86457460",30,"Cole Walter","374v","Tellus Non Institute","Lorem ipsum dolor sit amet, consectetuer adipiscing elit. Curabitur sed",99),(38,"Sapien Cras Company","08035958",13,"Orlando Sexton","220o","Mauris Institute","Lorem ipsum dolor sit amet, consectetuer adipiscing",86),(39,"Consequat LLC","65436902",45,"Alfonso Espinoza","755x","Donec Inc.","Lorem ipsum dolor sit amet, consectetuer adipiscing elit.",44),(40,"Mauris Molestie Limited","45539847",18,"Kasper Mccormick","566t","In Inc.","Lorem ipsum",99);
INSERT INTO `Poslodavac` (`Korisnik_idKorisnik`,`naziv`,`telefon`,`Grad_idGrada`,`ulica`,`broj`,`vebsajt`,`opis`,`kredit`) VALUES (41,"Lobortis Class Ltd","56527847",6,"Hu Fitzgerald","528c","Sed Pede Company","Lorem ipsum dolor sit amet, consectetuer adipiscing",34),(42,"Ridiculus Mus Incorporated","55335632",20,"Chandler Pitts","072a","Aliquam Eros Turpis LLC","Lorem ipsum dolor sit",65),(43,"Congue Ltd","24254934",26,"Grady Carey","989a","Morbi Vehicula Pellentesque Limited","Lorem ipsum dolor sit amet, consectetuer",98),(44,"Ac Corporation","85730261",15,"Ross Preston","473j","Morbi Tristique Consulting","Lorem ipsum dolor",10),(45,"Maecenas Ornare LLC","93408853",2,"Tobias Clark","460t","Mauris Elit Institute","Lorem ipsum dolor",87),(46,"A Nunc Associates","98149674",32,"Elliott Hahn","794t","Ante Blandit Viverra Inc.","Lorem ipsum dolor sit amet, consectetuer adipiscing elit.",4),(47,"Varius Company","74849863",40,"Gareth Mercado","729k","Elit Aliquam Auctor Company","Lorem ipsum dolor sit amet, consectetuer adipiscing elit. Curabitur sed",88),(48,"Orci Ut Semper Consulting","03209823",31,"Cain Ashley","199p","Tincidunt Nibh Corporation","Lorem ipsum dolor sit",41),(49,"Faucibus Orci Luctus Foundation","84555382",28,"Reed Vaughn","378y","Velit Dui Semper LLC","Lorem",33),(50,"Commodo At Corporation","65875725",1,"Damian Gross","851r","Duis Associates","Lorem ipsum dolor sit amet,",43);
INSERT INTO `Poslodavac` (`Korisnik_idKorisnik`,`naziv`,`telefon`,`Grad_idGrada`,`ulica`,`broj`,`vebsajt`,`opis`,`kredit`) VALUES (51,"Quis Ltd","35306167",32,"Cadman Long","769a","Libero Inc.","Lorem",31),(52,"Donec Elementum LLP","41151545",23,"Derek Rich","505o","Fusce Limited","Lorem ipsum dolor sit amet, consectetuer",62),(53,"Nibh Quisque Nonummy LLP","54003668",13,"Kibo Barry","559k","Ac Corp.","Lorem ipsum dolor sit amet, consectetuer adipiscing elit.",1),(54,"Ornare In Faucibus Corporation","20403157",34,"Dieter Spence","919u","Et Risus Quisque LLP","Lorem",3),(55,"Augue Sed Molestie LLC","89103844",38,"Solomon Buck","158p","Elit Inc.","Lorem ipsum dolor sit amet, consectetuer adipiscing",13),(56,"Enim Nisl Limited","94253965",20,"Devin Conrad","353h","Non Quam Pellentesque LLC","Lorem ipsum dolor sit amet, consectetuer adipiscing elit.",21),(57,"Vel Nisl Quisque Inc.","10790252",50,"Colt Franks","087i","Nulla Interdum Curabitur Corporation","Lorem ipsum dolor sit amet,",77),(58,"Tempor Diam Dictum Company","37694629",1,"Igor Willis","619t","Lorem Auctor Quis Corporation","Lorem",11),(59,"Eu Institute","20632576",49,"Ivor Manning","536c","Suspendisse Inc.","Lorem ipsum dolor",85),(60,"Ornare Elit Associates","11301554",4,"Jermaine Rose","321q","Praesent Interdum Limited","Lorem ipsum dolor sit amet, consectetuer adipiscing elit. Curabitur sed",69);
INSERT INTO `Poslodavac` (`Korisnik_idKorisnik`,`naziv`,`telefon`,`Grad_idGrada`,`ulica`,`broj`,`vebsajt`,`opis`,`kredit`) VALUES (61,"Gravida Molestie Arcu Incorporated","27522448",5,"James Jackson","513x","Vitae Erat Vivamus Institute","Lorem ipsum dolor sit amet,",56),(62,"Vehicula Risus Nulla PC","31687248",21,"Tanner Weaver","950k","Et Inc.","Lorem ipsum dolor sit amet, consectetuer adipiscing elit. Curabitur sed",53),(63,"Neque Venenatis Foundation","82994012",42,"Travis Leonard","269m","Aliquam Tincidunt Nunc LLP","Lorem ipsum dolor",43),(64,"A Inc.","30812884",43,"Ross White","504i","Sit Ltd","Lorem ipsum dolor sit amet, consectetuer adipiscing elit. Curabitur",10),(65,"Interdum Nunc Institute","80449167",40,"Chandler Boyd","149u","Eu Corporation","Lorem",99),(66,"Dapibus Corporation","17603597",8,"Hector Best","623m","Non Vestibulum PC","Lorem",18),(67,"Nullam Scelerisque Neque Inc.","41187645",1,"Francis Gibson","370x","Quisque Ac LLP","Lorem ipsum dolor sit amet,",23),(68,"Aliquam Fringilla Cursus Institute","35654022",26,"Barrett Patton","009o","In Ornare LLP","Lorem ipsum dolor sit",95),(69,"Elit Pharetra Ut Institute","30238869",29,"Thaddeus Sanchez","865s","Sapien LLP","Lorem ipsum dolor sit amet, consectetuer",84),(70,"Nulla Facilisi Associates","69038311",16,"Zeus Mayer","770z","Massa Company","Lorem ipsum dolor sit amet, consectetuer adipiscing elit. Curabitur sed",23);
INSERT INTO `Poslodavac` (`Korisnik_idKorisnik`,`naziv`,`telefon`,`Grad_idGrada`,`ulica`,`broj`,`vebsajt`,`opis`,`kredit`) VALUES (71,"Molestie LLP","95893690",3,"Flynn Ford","317a","In Incorporated","Lorem ipsum dolor sit amet, consectetuer adipiscing",6),(72,"Arcu Industries","81910201",11,"David Hardin","968r","Pulvinar Arcu Et Limited","Lorem ipsum dolor sit amet, consectetuer",3),(73,"Mauris Eu PC","16818086",26,"Elliott Gates","322x","Ac Institute","Lorem ipsum dolor sit amet, consectetuer adipiscing",23),(74,"Urna Justo Faucibus Limited","75196652",27,"Finn Jenkins","721b","Donec Dignissim Magna PC","Lorem ipsum dolor sit",90),(75,"Mi Ac Mattis LLP","53725716",8,"Keane Gardner","822r","Odio Semper Cursus Corp.","Lorem ipsum dolor sit amet, consectetuer adipiscing elit. Curabitur sed",98),(76,"Quis Corporation","16626229",29,"Zeus Rush","469e","Sem Ut Corp.","Lorem ipsum dolor",35),(77,"Nulla Foundation","25820023",13,"Adrian Rollins","469w","Est Inc.","Lorem ipsum dolor sit amet, consectetuer adipiscing",13),(78,"Nam Nulla Magna Incorporated","86148428",22,"Zane Olson","665j","Aenean Euismod Incorporated","Lorem ipsum dolor sit",52),(79,"Pharetra Ut Pharetra Associates","06556471",46,"Troy Stuart","920s","Aliquet Nec Imperdiet Industries","Lorem ipsum",32),(80,"Iaculis Nec Eleifend Inc.","12824675",14,"Alfonso Shepherd","539c","Ipsum Phasellus LLC","Lorem ipsum dolor sit",24);
INSERT INTO `Poslodavac` (`Korisnik_idKorisnik`,`naziv`,`telefon`,`Grad_idGrada`,`ulica`,`broj`,`vebsajt`,`opis`,`kredit`) VALUES (81,"Sit Amet PC","43573397",35,"Owen Sloan","072q","Odio Sagittis Semper Industries","Lorem ipsum dolor sit amet, consectetuer adipiscing elit. Curabitur sed",12),(82,"Faucibus Institute","55471071",25,"Donovan Velez","610s","Mauris Blandit Institute","Lorem ipsum dolor sit amet, consectetuer adipiscing",55),(83,"Neque Foundation","83523202",8,"Kasimir Hill","428b","Rhoncus Foundation","Lorem ipsum",47),(84,"Ultricies Dignissim Lacus Corp.","86447817",5,"Armando Lambert","087t","Vitae Erat Company","Lorem ipsum dolor sit",4),(85,"Quam Vel Incorporated","47318243",20,"Joel Fletcher","167d","Mi PC","Lorem ipsum dolor sit amet, consectetuer adipiscing",92),(86,"Mauris Eu PC","68670469",23,"Colorado Brown","441r","Congue LLP","Lorem ipsum dolor sit amet, consectetuer adipiscing",30),(87,"Ridiculus Mus Aenean Consulting","53597163",25,"Ignatius Thomas","670d","Sit Amet Inc.","Lorem",88),(88,"Non Massa Non Foundation","20117453",9,"Baxter Martinez","823f","In Ornare Corporation","Lorem ipsum dolor sit amet, consectetuer adipiscing",24),(89,"Ullamcorper Magna Corp.","07216595",18,"Gary Ayers","232n","Vel Inc.","Lorem ipsum dolor sit amet, consectetuer adipiscing",86),(90,"Ornare Lectus Ante Ltd","79233566",26,"Amos Morris","487a","Tellus Faucibus Incorporated","Lorem ipsum dolor sit amet,",89);
INSERT INTO `Poslodavac` (`Korisnik_idKorisnik`,`naziv`,`telefon`,`Grad_idGrada`,`ulica`,`broj`,`vebsajt`,`opis`,`kredit`) VALUES (91,"Vehicula Aliquet Ltd","15215324",9,"Elvis Riley","456y","Lobortis Consulting","Lorem ipsum dolor sit",8),(92,"Vitae Orci LLP","77026476",11,"Abel Pennington","764t","Posuere Vulputate Lacus Associates","Lorem ipsum dolor sit amet, consectetuer adipiscing",51),(93,"Tristique Senectus Institute","45631168",24,"Hayes Perkins","809y","Mollis Consulting","Lorem ipsum dolor sit",76),(94,"Venenatis Lacus Etiam Associates","33083776",6,"Ralph Berg","172u","Natoque Penatibus PC","Lorem ipsum dolor sit amet, consectetuer adipiscing elit.",21),(95,"Felis Associates","88903562",30,"Isaac Hampton","582p","Orci In LLC","Lorem",52),(96,"Pharetra Ut Pharetra Institute","38946886",37,"Rashad Solis","978f","Ut Aliquam Iaculis Corp.","Lorem ipsum dolor sit amet, consectetuer adipiscing elit.",60),(97,"Ac PC","02617127",24,"Caleb Mays","164r","Auctor Velit Foundation","Lorem ipsum",57),(98,"Magna Cras Corp.","99891533",7,"Roth Owen","685q","Molestie Tellus Corporation","Lorem ipsum",62),(99,"Vulputate PC","79031603",14,"Edan Nash","288x","Ultrices Posuere Cubilia Company","Lorem ipsum dolor",92),(100,"Metus Aliquam Erat Corporation","69412299",4,"Amery Sosa","321a","Nulla Dignissim Maecenas Incorporated","Lorem ipsum dolor sit amet, consectetuer",32);

INSERT INTO `KupljeneUsluge` (`CenovnikUsluga_sifraUsluge`,`Poslodavac_Korisnik_idKorisnik`,`kolicina`) VALUES ("DANOGLASA",1,10000),("DANOGLASA",2,10000),("DANOGLASA",3,10000),("DANOGLASA",4,10000),("DANOGLASA",5,10000),("DANOGLASA",6,10000),("DANOGLASA",7,10000),("DANOGLASA",8,10000),("DANOGLASA",9,10000),("DANOGLASA",10,10000);
INSERT INTO `KupljeneUsluge` (`CenovnikUsluga_sifraUsluge`,`Poslodavac_Korisnik_idKorisnik`,`kolicina`) VALUES ("DANOGLASA",11,100000),("DANOGLASA",12,10000),("DANOGLASA",13,10000),("DANOGLASA",14,10000),("DANOGLASA",15,10000),("DANOGLASA",16,10000),("DANOGLASA",17,10000),("DANOGLASA",18,10000),("DANOGLASA",19,10000),("DANOGLASA",20,10000);
INSERT INTO `KupljeneUsluge` (`CenovnikUsluga_sifraUsluge`,`Poslodavac_Korisnik_idKorisnik`,`kolicina`) VALUES ("DANOGLASA",21,10000),("DANOGLASA",22,10000),("DANOGLASA",23,10000),("DANOGLASA",24,10000),("DANOGLASA",25,10000),("DANOGLASA",26,10000),("DANOGLASA",27,10000),("DANOGLASA",28,10000),("DANOGLASA",29,10000),("DANOGLASA",30,10000);
INSERT INTO `KupljeneUsluge` (`CenovnikUsluga_sifraUsluge`,`Poslodavac_Korisnik_idKorisnik`,`kolicina`) VALUES ("DANOGLASA",31,10000),("DANOGLASA",32,10000),("DANOGLASA",33,10000),("DANOGLASA",34,10000),("DANOGLASA",35,10000),("DANOGLASA",36,10000),("DANOGLASA",37,10000),("DANOGLASA",38,10000),("DANOGLASA",39,10000),("DANOGLASA",40,10000);
INSERT INTO `KupljeneUsluge` (`CenovnikUsluga_sifraUsluge`,`Poslodavac_Korisnik_idKorisnik`,`kolicina`) VALUES ("DANOGLASA",41,10000),("DANOGLASA",42,10000),("DANOGLASA",43,10000),("DANOGLASA",44,10000),("DANOGLASA",45,10000),("DANOGLASA",46,10000),("DANOGLASA",47,10000),("DANOGLASA",48,10000),("DANOGLASA",49,10000),("DANOGLASA",50,10000);
INSERT INTO `KupljeneUsluge` (`CenovnikUsluga_sifraUsluge`,`Poslodavac_Korisnik_idKorisnik`,`kolicina`) VALUES ("DANOGLASA",51,10000),("DANOGLASA",52,10000),("DANOGLASA",53,10000),("DANOGLASA",54,10000),("DANOGLASA",55,10000),("DANOGLASA",56,10000),("DANOGLASA",57,10000),("DANOGLASA",58,10000),("DANOGLASA",59,10000),("DANOGLASA",60,10000);
INSERT INTO `KupljeneUsluge` (`CenovnikUsluga_sifraUsluge`,`Poslodavac_Korisnik_idKorisnik`,`kolicina`) VALUES ("DANOGLASA",61,10000),("DANOGLASA",62,10000),("DANOGLASA",63,10000),("DANOGLASA",64,10000),("DANOGLASA",65,10000),("DANOGLASA",66,10000),("DANOGLASA",67,10000),("DANOGLASA",68,10000),("DANOGLASA",69,10000),("DANOGLASA",70,10000);
INSERT INTO `KupljeneUsluge` (`CenovnikUsluga_sifraUsluge`,`Poslodavac_Korisnik_idKorisnik`,`kolicina`) VALUES ("DANOGLASA",71,10000),("DANOGLASA",72,10000),("DANOGLASA",73,10000),("DANOGLASA",74,10000),("DANOGLASA",75,10000),("DANOGLASA",76,10000),("DANOGLASA",77,10000),("DANOGLASA",78,10000),("DANOGLASA",79,10000),("DANOGLASA",80,10000);
INSERT INTO `KupljeneUsluge` (`CenovnikUsluga_sifraUsluge`,`Poslodavac_Korisnik_idKorisnik`,`kolicina`) VALUES ("DANOGLASA",81,10000),("DANOGLASA",82,10000),("DANOGLASA",83,10000),("DANOGLASA",84,10000),("DANOGLASA",85,10000),("DANOGLASA",86,10000),("DANOGLASA",87,10000),("DANOGLASA",88,10000),("DANOGLASA",89,10000),("DANOGLASA",90,10000);
INSERT INTO `KupljeneUsluge` (`CenovnikUsluga_sifraUsluge`,`Poslodavac_Korisnik_idKorisnik`,`kolicina`) VALUES ("DANOGLASA",91,10000),("DANOGLASA",92,10000),("DANOGLASA",93,10000),("DANOGLASA",94,10000),("DANOGLASA",95,10000),("DANOGLASA",96,10000),("DANOGLASA",97,10000),("DANOGLASA",98,10000),("DANOGLASA",99,10000),("DANOGLASA",100,10000);

INSERT INTO `Oglas` (`idOglas`,`pozicija`,`opisPozicije`,`datumPostavljanja`,`datumIsteka`,`Grad_idGrada`,`Poslodavac_Korisnik_idKorisnik`) VALUES (1,"Public Relations","Lorem ipsum dolor sit amet, consectetuer adipiscing elit. Curabitur sed","2016-03-03 22:38:03","2017-11-16 00:39:46",3,38),(2,"Media Relations","Lorem ipsum dolor sit amet, consectetuer adipiscing elit. Curabitur sed","2016-01-19 15:27:52","2017-06-07 10:29:45",3,81),(3,"Tech Support","Lorem ipsum dolor","2016-07-15 20:48:46","2017-09-18 07:55:46",2,76),(4,"Tech Support","Lorem","2016-08-02 16:51:49","2017-10-01 19:37:19",2,88),(5,"Public Relations","Lorem ipsum dolor sit","2016-04-28 09:27:52","2017-04-11 06:47:36",1,6),(6,"Customer Service","Lorem ipsum dolor sit amet,","2016-04-14 15:26:16","2017-06-29 15:33:53",1,95),(7,"Asset Management","Lorem ipsum dolor sit","2016-01-03 23:37:57","2017-03-26 10:40:08",5,6),(8,"Public Relations","Lorem ipsum dolor sit amet,","2016-12-07 20:47:23","2017-04-20 21:20:17",4,62),(9,"Customer Relations","Lorem ipsum dolor sit amet, consectetuer adipiscing elit.","2016-01-20 03:52:48","2017-07-10 04:10:55",5,84),(10,"Sales and Marketing","Lorem","2016-02-05 22:13:19","2017-01-10 21:11:52",2,3);
INSERT INTO `Oglas` (`idOglas`,`pozicija`,`opisPozicije`,`datumPostavljanja`,`datumIsteka`,`Grad_idGrada`,`Poslodavac_Korisnik_idKorisnik`) VALUES (11,"Customer Relations","Lorem ipsum dolor","2016-03-19 11:57:31","2017-09-06 10:49:26",1,91),(12,"Quality Assurance","Lorem ipsum dolor","2016-09-02 10:15:16","2017-10-12 19:25:16",2,54),(13,"Tech Support","Lorem ipsum dolor sit","2016-04-24 00:39:38","2017-07-14 07:23:42",3,98),(14,"Payroll","Lorem ipsum dolor sit amet,","2016-10-10 03:58:03","2017-02-15 06:20:07",5,30),(15,"Media Relations","Lorem ipsum dolor sit amet, consectetuer adipiscing elit. Curabitur","2016-09-19 06:46:22","2017-08-04 22:36:26",3,24),(16,"Payroll","Lorem ipsum dolor sit","2016-11-05 12:13:14","2017-04-17 19:39:07",5,80),(17,"Sales and Marketing","Lorem ipsum dolor sit amet,","2016-03-06 19:49:49","2017-06-23 01:04:43",1,62),(18,"Customer Relations","Lorem ipsum dolor sit","2016-03-05 18:50:42","2017-11-06 15:00:16",4,30),(19,"Legal Department","Lorem ipsum dolor sit","2016-02-28 05:29:38","2017-03-25 19:31:01",3,90),(20,"Advertising","Lorem ipsum","2016-07-29 08:32:21","2017-06-16 04:44:03",3,94);
INSERT INTO `Oglas` (`idOglas`,`pozicija`,`opisPozicije`,`datumPostavljanja`,`datumIsteka`,`Grad_idGrada`,`Poslodavac_Korisnik_idKorisnik`) VALUES (21,"Quality Assurance","Lorem ipsum dolor sit amet, consectetuer","2016-08-11 20:31:35","2017-01-30 15:46:10",4,11),(22,"Human Resources","Lorem ipsum dolor sit amet,","2016-02-08 06:56:50","2017-05-30 02:36:35",5,52),(23,"Customer Relations","Lorem ipsum dolor sit amet, consectetuer adipiscing elit.","2016-12-03 00:47:28","2017-11-23 10:48:52",5,7),(24,"Legal Department","Lorem ipsum dolor sit","2016-12-09 04:55:27","2017-10-13 19:04:17",5,45),(25,"Asset Management","Lorem ipsum dolor sit amet, consectetuer adipiscing","2016-09-17 21:49:08","2017-01-21 17:46:07",4,60),(26,"Sales and Marketing","Lorem ipsum dolor sit amet,","2016-03-30 22:12:18","2017-05-05 22:17:42",4,57),(27,"Finances","Lorem ipsum dolor sit amet, consectetuer adipiscing elit.","2016-04-22 12:01:52","2017-02-01 07:38:13",5,22),(28,"Legal Department","Lorem","2016-03-12 22:11:44","2017-07-14 09:02:47",4,91),(29,"Customer Service","Lorem ipsum dolor sit amet, consectetuer adipiscing elit.","2016-08-22 15:19:05","2017-01-30 18:07:30",4,89),(30,"Customer Service","Lorem ipsum dolor sit amet, consectetuer","2016-08-11 05:47:16","2017-10-10 13:37:44",4,60);
INSERT INTO `Oglas` (`idOglas`,`pozicija`,`opisPozicije`,`datumPostavljanja`,`datumIsteka`,`Grad_idGrada`,`Poslodavac_Korisnik_idKorisnik`) VALUES (31,"Sales and Marketing","Lorem ipsum dolor sit amet, consectetuer adipiscing elit.","2016-03-10 19:34:03","2017-06-24 05:29:59",4,78),(32,"Customer Relations","Lorem ipsum dolor sit amet, consectetuer","2016-11-27 03:41:19","2017-07-22 05:10:46",1,71),(33,"Human Resources","Lorem ipsum dolor sit amet, consectetuer adipiscing","2016-11-30 05:10:18","2017-02-14 06:04:56",1,37),(34,"Payroll","Lorem ipsum dolor sit amet,","2016-12-05 08:12:24","2017-04-09 06:14:35",4,62),(35,"Media Relations","Lorem ipsum dolor sit amet, consectetuer adipiscing","2016-09-17 22:22:44","2017-03-28 20:04:05",5,40),(36,"Quality Assurance","Lorem ipsum dolor sit amet, consectetuer adipiscing elit. Curabitur","2016-11-26 23:09:23","2017-04-19 09:33:44",4,20),(37,"Finances","Lorem ipsum dolor sit amet, consectetuer adipiscing elit. Curabitur sed","2016-05-23 00:11:58","2017-07-27 14:27:29",2,72),(38,"Media Relations","Lorem ipsum dolor","2016-11-21 20:12:38","2017-05-10 06:06:07",2,24),(39,"Customer Service","Lorem ipsum dolor sit amet, consectetuer adipiscing elit.","2016-07-01 09:55:59","2017-11-25 09:08:01",3,11),(40,"Advertising","Lorem ipsum dolor sit amet, consectetuer","2016-10-04 07:12:04","2017-09-21 01:11:19",5,77);
INSERT INTO `Oglas` (`idOglas`,`pozicija`,`opisPozicije`,`datumPostavljanja`,`datumIsteka`,`Grad_idGrada`,`Poslodavac_Korisnik_idKorisnik`) VALUES (41,"Asset Management","Lorem ipsum dolor sit","2016-09-25 09:24:04","2017-08-26 08:08:13",1,94),(42,"Public Relations","Lorem ipsum dolor sit amet, consectetuer adipiscing elit. Curabitur sed","2016-10-26 05:02:10","2016-12-29 01:44:45",3,98),(43,"Finances","Lorem ipsum dolor sit amet, consectetuer","2015-12-17 09:44:09","2017-03-20 09:36:01",3,65),(44,"Quality Assurance","Lorem","2016-01-06 01:26:55","2017-06-20 15:07:55",3,1),(45,"Human Resources","Lorem ipsum dolor","2016-10-14 12:49:05","2017-06-26 22:49:27",1,80),(46,"Payroll","Lorem ipsum dolor sit amet, consectetuer adipiscing","2015-12-25 06:19:13","2017-10-24 22:41:12",1,93),(47,"Asset Management","Lorem ipsum dolor sit amet, consectetuer","2016-08-25 17:11:16","2017-10-24 06:53:33",4,55),(48,"Customer Relations","Lorem ipsum dolor sit amet, consectetuer adipiscing elit. Curabitur","2016-10-06 09:36:45","2016-12-20 08:54:07",3,97),(49,"Payroll","Lorem ipsum dolor sit amet, consectetuer","2016-11-21 14:55:45","2017-05-15 15:10:12",1,91),(50,"Sales and Marketing","Lorem ipsum dolor sit amet,","2015-12-19 12:00:14","2017-02-06 01:35:18",2,40);
INSERT INTO `Oglas` (`idOglas`,`pozicija`,`opisPozicije`,`datumPostavljanja`,`datumIsteka`,`Grad_idGrada`,`Poslodavac_Korisnik_idKorisnik`) VALUES (51,"Legal Department","Lorem ipsum dolor sit amet, consectetuer","2016-05-23 14:31:44","2017-06-23 20:39:58",3,57),(52,"Finances","Lorem ipsum dolor sit amet,","2016-07-29 02:47:52","2017-03-03 11:12:19",5,82),(53,"Legal Department","Lorem ipsum","2016-06-10 07:49:59","2017-08-22 03:12:37",3,98),(54,"Customer Service","Lorem ipsum dolor","2016-11-17 09:50:37","2017-01-15 11:17:40",4,50),(55,"Research and Development","Lorem","2016-10-10 23:29:09","2017-11-09 02:52:23",2,31),(56,"Accounting","Lorem ipsum dolor sit amet, consectetuer","2016-04-20 03:04:28","2017-02-02 03:59:54",3,64),(57,"Media Relations","Lorem ipsum dolor","2016-10-23 00:57:23","2017-01-25 20:26:10",4,3),(58,"Customer Relations","Lorem ipsum dolor","2016-05-26 17:42:20","2017-01-17 01:47:49",3,65),(59,"Finances","Lorem ipsum dolor sit amet, consectetuer adipiscing elit. Curabitur sed","2016-09-20 15:42:45","2017-10-24 16:37:46",3,56),(60,"Advertising","Lorem ipsum dolor sit amet, consectetuer adipiscing","2016-04-15 02:26:22","2017-06-06 09:41:29",3,86);
INSERT INTO `Oglas` (`idOglas`,`pozicija`,`opisPozicije`,`datumPostavljanja`,`datumIsteka`,`Grad_idGrada`,`Poslodavac_Korisnik_idKorisnik`) VALUES (61,"Human Resources","Lorem","2016-05-14 08:56:08","2017-03-12 15:25:29",1,15),(62,"Legal Department","Lorem","2016-09-02 21:29:02","2017-07-06 00:49:27",2,75),(63,"Human Resources","Lorem ipsum","2016-01-04 19:54:04","2017-06-28 09:20:45",1,59),(64,"Advertising","Lorem ipsum dolor sit amet, consectetuer adipiscing elit. Curabitur","2016-06-02 23:09:08","2017-02-06 19:33:30",3,75),(65,"Public Relations","Lorem ipsum dolor sit amet, consectetuer adipiscing","2016-01-23 12:14:49","2017-02-23 18:12:27",5,72),(66,"Research and Development","Lorem ipsum","2016-05-01 22:40:48","2016-12-15 20:47:50",2,97),(67,"Customer Relations","Lorem ipsum","2016-11-01 06:22:44","2017-09-11 19:24:41",4,55),(68,"Public Relations","Lorem ipsum dolor sit amet,","2015-12-25 17:08:30","2017-07-16 05:24:46",3,90),(69,"Tech Support","Lorem ipsum dolor","2016-02-01 13:37:18","2017-11-02 12:37:06",3,18),(70,"Public Relations","Lorem ipsum dolor sit amet, consectetuer adipiscing elit.","2016-05-27 11:08:08","2017-08-18 05:47:30",2,8);
INSERT INTO `Oglas` (`idOglas`,`pozicija`,`opisPozicije`,`datumPostavljanja`,`datumIsteka`,`Grad_idGrada`,`Poslodavac_Korisnik_idKorisnik`) VALUES (71,"Sales and Marketing","Lorem ipsum dolor sit amet, consectetuer","2016-02-22 04:54:47","2017-11-30 04:35:46",4,48),(72,"Customer Service","Lorem ipsum dolor sit amet,","2016-02-02 21:51:52","2017-09-03 05:35:43",2,68),(73,"Public Relations","Lorem ipsum dolor sit amet, consectetuer adipiscing elit. Curabitur","2016-04-23 00:17:22","2017-09-27 09:28:49",4,61),(74,"Research and Development","Lorem ipsum dolor sit amet, consectetuer adipiscing","2016-07-06 11:30:02","2017-03-23 03:46:56",5,11),(75,"Sales and Marketing","Lorem ipsum","2016-12-09 21:10:11","2017-06-24 04:13:31",3,47),(76,"Public Relations","Lorem","2016-07-02 23:58:53","2017-01-28 16:45:22",3,86),(77,"Public Relations","Lorem ipsum dolor sit amet, consectetuer adipiscing elit.","2016-04-08 21:24:02","2017-12-10 19:03:32",3,85),(78,"Advertising","Lorem ipsum dolor sit amet,","2016-11-29 21:25:38","2017-10-31 06:49:50",1,97),(79,"Tech Support","Lorem ipsum dolor sit","2015-12-21 17:10:54","2017-10-14 17:17:41",4,94),(80,"Payroll","Lorem ipsum dolor sit amet, consectetuer adipiscing elit.","2016-07-07 07:03:00","2017-08-11 22:36:38",4,9);
INSERT INTO `Oglas` (`idOglas`,`pozicija`,`opisPozicije`,`datumPostavljanja`,`datumIsteka`,`Grad_idGrada`,`Poslodavac_Korisnik_idKorisnik`) VALUES (81,"Payroll","Lorem ipsum dolor","2016-01-14 07:37:50","2017-01-23 12:12:31",4,8),(82,"Legal Department","Lorem ipsum dolor sit amet,","2016-01-24 02:55:37","2017-01-19 09:38:49",2,37),(83,"Finances","Lorem ipsum dolor","2016-04-25 00:50:03","2016-12-11 03:10:45",5,15),(84,"Public Relations","Lorem ipsum dolor sit amet, consectetuer adipiscing","2016-03-27 07:42:15","2017-02-04 14:00:21",4,71),(85,"Finances","Lorem ipsum","2016-06-12 05:11:22","2017-09-06 02:09:27",3,68),(86,"Research and Development","Lorem ipsum dolor","2016-07-24 11:43:33","2017-06-24 13:44:06",4,39),(87,"Asset Management","Lorem ipsum dolor","2016-05-04 09:17:14","2017-11-09 16:29:05",4,99),(88,"Media Relations","Lorem ipsum dolor sit amet, consectetuer adipiscing elit. Curabitur sed","2016-09-13 18:51:14","2017-08-12 22:31:14",1,60),(89,"Accounting","Lorem","2016-08-27 01:46:03","2017-05-18 03:16:20",4,99),(90,"Payroll","Lorem ipsum dolor sit","2016-02-06 04:36:52","2017-02-18 09:39:54",2,99);
INSERT INTO `Oglas` (`idOglas`,`pozicija`,`opisPozicije`,`datumPostavljanja`,`datumIsteka`,`Grad_idGrada`,`Poslodavac_Korisnik_idKorisnik`) VALUES (91,"Asset Management","Lorem ipsum dolor sit amet, consectetuer adipiscing elit. Curabitur sed","2016-08-05 01:26:05","2017-09-10 22:09:04",3,49),(92,"Research and Development","Lorem ipsum dolor sit amet,","2016-06-29 21:17:47","2017-08-19 10:22:36",3,98),(93,"Public Relations","Lorem ipsum dolor sit amet, consectetuer","2016-01-18 07:00:48","2017-06-18 00:58:27",1,7),(94,"Customer Relations","Lorem ipsum dolor sit amet, consectetuer adipiscing","2016-07-26 19:11:46","2017-01-07 01:26:24",4,54),(95,"Sales and Marketing","Lorem ipsum dolor sit amet, consectetuer adipiscing elit.","2016-07-03 21:14:15","2017-02-03 07:19:02",2,22),(96,"Customer Service","Lorem ipsum dolor sit amet, consectetuer adipiscing elit.","2016-09-02 13:36:26","2017-03-18 03:24:10",2,67),(97,"Sales and Marketing","Lorem","2016-09-10 05:49:41","2017-03-07 05:32:52",2,24),(98,"Customer Relations","Lorem ipsum","2016-07-01 02:18:07","2017-10-27 07:59:35",2,36),(99,"Sales and Marketing","Lorem ipsum dolor sit amet, consectetuer adipiscing elit.","2016-04-19 12:10:14","2017-06-11 20:00:29",1,97),(100,"Human Resources","Lorem ipsum dolor sit amet, consectetuer adipiscing elit. Curabitur sed","2016-04-06 20:39:03","2017-02-25 05:04:15",3,83);

INSERT INTO `Tragac` (`Korisnik_idKorisnik`,`ime`,`prezime`,`slika`,`CV`,`opis`) VALUES (1,"Kermit","Potts","lectus.rutrum.urna@nonbibendumsed.net","ut.odio.vel@PhasellusnullaInteger.ca","Lorem ipsum dolor sit amet,"),(2,"Benjamin","Short","nulla.ante@magna.com","Nam@ornare.net","Lorem ipsum dolor"),(3,"Julie","Curtis","Nullam.velit.dui@fringillaest.edu","id@egetmagna.ca","Lorem ipsum dolor sit amet, consectetuer adipiscing"),(4,"Adena","Poole","nec.metus@egetipsum.com","neque.In@inmagnaPhasellus.com","Lorem ipsum dolor sit amet, consectetuer adipiscing elit. Curabitur sed"),(5,"Abigail","Peterson","tincidunt.nibh@scelerisquescelerisquedui.net","ultrices.posuere@fermentummetusAenean.net","Lorem ipsum dolor sit amet, consectetuer"),(6,"Robert","Aguilar","purus.Maecenas.libero@sedsapien.org","diam.Duis@Inornaresagittis.edu","Lorem ipsum dolor"),(7,"Violet","Carpenter","consequat.enim.diam@mi.com","Integer.sem.elit@justo.com","Lorem ipsum dolor sit amet,"),(8,"Olympia","Cherry","dolor.nonummy@NullainterdumCurabitur.org","Nullam.nisl@Aeneangravidanunc.com","Lorem ipsum dolor sit amet, consectetuer"),(9,"Vaughan","Lopez","elit.dictum@tortorat.com","Fusce.feugiat@sedfacilisisvitae.com","Lorem ipsum"),(10,"Galvin","Flynn","natoque@luctus.org","amet.luctus.vulputate@arcuNuncmauris.org","Lorem ipsum dolor sit");
INSERT INTO `Tragac` (`Korisnik_idKorisnik`,`ime`,`prezime`,`slika`,`CV`,`opis`) VALUES (11,"Laith","Vang","mattis@Sed.edu","at@dictumeuplacerat.co.uk","Lorem ipsum dolor sit amet, consectetuer"),(12,"Ursa","Patterson","tellus.Aenean@enimCurabiturmassa.ca","nonummy.ipsum.non@Inmipede.com","Lorem ipsum dolor sit amet, consectetuer adipiscing elit. Curabitur"),(13,"Ferdinand","Drake","mi@tincidunt.edu","libero@ante.co.uk","Lorem ipsum dolor sit amet, consectetuer adipiscing"),(14,"Thane","Vincent","ipsum.porta.elit@mauriseuelit.net","porttitor@eusem.org","Lorem ipsum dolor sit amet,"),(15,"Adam","Patel","Donec.felis@sociosquadlitora.org","mollis@et.com","Lorem ipsum dolor sit amet, consectetuer adipiscing"),(16,"Nerea","Levine","consequat.purus@dui.edu","velit.egestas.lacinia@rhoncus.co.uk","Lorem"),(17,"Aphrodite","White","fames.ac.turpis@estac.net","Sed.malesuada.augue@portaelit.co.uk","Lorem ipsum dolor sit amet,"),(18,"Russell","Kent","mauris.ut.mi@augue.net","ipsum@risus.org","Lorem ipsum dolor sit amet, consectetuer adipiscing elit."),(19,"Selma","Paul","Mauris.vel.turpis@anteipsum.com","mi.pede.nonummy@risusquis.co.uk","Lorem ipsum dolor sit amet, consectetuer adipiscing elit."),(20,"Rose","Benjamin","dolor.vitae@iaculisodioNam.com","ornare.sagittis.felis@lorem.com","Lorem ipsum dolor sit amet, consectetuer adipiscing elit. Curabitur");
INSERT INTO `Tragac` (`Korisnik_idKorisnik`,`ime`,`prezime`,`slika`,`CV`,`opis`) VALUES (21,"September","Oneill","fringilla.euismod@parturient.net","enim.nec@vitae.edu","Lorem ipsum dolor"),(22,"Adrian","Estes","Vestibulum.ante@Pellentesquehabitantmorbi.org","molestie.orci@enimnislelementum.edu","Lorem ipsum dolor sit amet,"),(23,"Natalie","Finley","in.aliquet@eulacusQuisque.edu","auctor@Proinsed.org","Lorem ipsum dolor sit amet, consectetuer adipiscing elit. Curabitur sed"),(24,"Colette","Walton","magna@Namnullamagna.net","non@et.net","Lorem ipsum dolor sit amet, consectetuer"),(25,"Channing","Leonard","nisi.a.odio@eget.co.uk","risus.Quisque@ametconsectetueradipiscing.ca","Lorem ipsum dolor sit amet, consectetuer adipiscing"),(26,"Kuame","Durham","primis.in.faucibus@ut.edu","in.magna.Phasellus@euplacerat.org","Lorem ipsum dolor sit amet, consectetuer adipiscing"),(27,"Gray","Higgins","Sed.nulla.ante@enimgravidasit.co.uk","amet@Sed.co.uk","Lorem ipsum dolor sit"),(28,"Kathleen","Sullivan","tincidunt.Donec.vitae@Vivamus.org","dapibus.gravida.Aliquam@adipiscingnonluctus.org","Lorem ipsum"),(29,"Cameron","Davidson","Donec.porttitor.tellus@Praesentinterdumligula.edu","iaculis.quis.pede@inconsectetueripsum.co.uk","Lorem ipsum dolor sit"),(30,"Mariam","Levy","lorem.semper.auctor@non.org","Proin@Vivamus.net","Lorem ipsum dolor sit amet,");
INSERT INTO `Tragac` (`Korisnik_idKorisnik`,`ime`,`prezime`,`slika`,`CV`,`opis`) VALUES (31,"Mollie","Webb","vel.faucibus.id@maurisInteger.net","In.ornare.sagittis@hymenaeos.com","Lorem ipsum dolor sit amet, consectetuer adipiscing elit."),(32,"Drew","Leonard","interdum.enim@Suspendissecommodotincidunt.org","ullamcorper.Duis@Duiscursusdiam.edu","Lorem ipsum dolor sit amet, consectetuer adipiscing elit. Curabitur"),(33,"Bernard","Cohen","arcu.Aliquam.ultrices@Quisqueporttitor.edu","lorem.luctus@duiin.co.uk","Lorem ipsum dolor sit amet, consectetuer adipiscing"),(34,"Ferdinand","Adkins","tortor.Integer@facilisismagna.ca","mollis.vitae@non.co.uk","Lorem ipsum dolor sit amet, consectetuer adipiscing elit. Curabitur sed"),(35,"Erasmus","Mcclain","velit.egestas@lacusvariuset.net","suscipit.est@Aenean.net","Lorem"),(36,"Halla","Jefferson","lectus.justo@urnaVivamusmolestie.ca","quam@eueratsemper.ca","Lorem ipsum dolor sit"),(37,"Felicia","Combs","suscipit.nonummy@egestasFusce.org","purus@necmalesuada.edu","Lorem ipsum"),(38,"Lillian","Herman","est@tinciduntorci.edu","dapibus.ligula@nequesed.com","Lorem ipsum dolor sit amet, consectetuer"),(39,"Carolyn","Gaines","dui.quis@felisDonectempor.net","iaculis.odio@non.edu","Lorem"),(40,"Wing","Hale","aliquam.arcu@tortornibh.ca","dictum.eu.eleifend@eleifendnondapibus.org","Lorem ipsum dolor");
INSERT INTO `Tragac` (`Korisnik_idKorisnik`,`ime`,`prezime`,`slika`,`CV`,`opis`) VALUES (41,"Ronan","Swanson","lectus@dictumeleifendnunc.com","ornare@idantedictum.net","Lorem ipsum dolor sit amet, consectetuer adipiscing elit. Curabitur sed"),(42,"Cassandra","Villarreal","Proin@sapienAenean.co.uk","imperdiet@est.co.uk","Lorem ipsum dolor sit"),(43,"Burke","Nunez","Nunc.ac@turpis.com","eget.tincidunt@diamDuismi.com","Lorem ipsum dolor sit amet, consectetuer adipiscing elit."),(44,"Davis","Kirby","porta.elit@Morbimetus.ca","turpis.non@velitAliquamnisl.com","Lorem ipsum dolor sit"),(45,"Kylie","Cabrera","sed.est@sagittisaugueeu.edu","Nam.tempor.diam@non.co.uk","Lorem ipsum dolor"),(46,"Chase","Blackburn","id.libero@nec.org","amet@natoquepenatibuset.co.uk","Lorem ipsum"),(47,"Giselle","Sloan","aliquet.diam@miAliquamgravida.edu","leo@acsem.co.uk","Lorem ipsum dolor sit amet, consectetuer adipiscing elit."),(48,"Miranda","Camacho","ipsum@adipiscingMauris.org","nibh@velturpisAliquam.edu","Lorem ipsum dolor sit amet, consectetuer adipiscing"),(49,"Joy","Guerrero","sodales@velit.org","placerat.augue@Nullamsuscipitest.edu","Lorem ipsum"),(50,"Charles","Nolan","sed@cursusnon.edu","amet@duinectempus.edu","Lorem ipsum dolor sit amet, consectetuer");
INSERT INTO `Tragac` (`Korisnik_idKorisnik`,`ime`,`prezime`,`slika`,`CV`,`opis`) VALUES (51,"Bradley","Daugherty","Sed.nec.metus@pharetranibhAliquam.edu","Phasellus@Cras.org","Lorem ipsum dolor sit amet, consectetuer adipiscing"),(52,"Rooney","Knowles","lorem.semper@Donectincidunt.co.uk","lectus@semutcursus.ca","Lorem ipsum"),(53,"Zoe","Mcintosh","imperdiet@nibh.co.uk","consectetuer@est.co.uk","Lorem ipsum dolor sit amet, consectetuer adipiscing elit. Curabitur sed"),(54,"Kane","Le","ut.eros@aneque.net","diam@turpisegestas.net","Lorem ipsum dolor sit amet, consectetuer"),(55,"Blake","Erickson","adipiscing.fringilla@non.com","molestie.tellus@ac.edu","Lorem ipsum dolor sit amet, consectetuer adipiscing elit. Curabitur sed"),(56,"Moana","Ward","lacus@Utsemper.com","non.luctus.sit@vehicularisus.edu","Lorem ipsum dolor sit amet, consectetuer adipiscing elit. Curabitur"),(57,"Sacha","Richmond","molestie.pharetra@nequeetnunc.net","ullamcorper@purusmauris.com","Lorem ipsum dolor sit amet, consectetuer adipiscing"),(58,"Nasim","Foster","mattis@scelerisqueneque.ca","orci.Phasellus@arcu.co.uk","Lorem ipsum dolor sit amet, consectetuer adipiscing elit."),(59,"Amos","Campbell","mauris.aliquam@nonloremvitae.edu","mi.felis.adipiscing@Nullaegetmetus.org","Lorem ipsum dolor sit amet, consectetuer adipiscing elit. Curabitur"),(60,"Xena","Montgomery","feugiat.Lorem.ipsum@nullaIntegerurna.net","faucibus@molestietortornibh.ca","Lorem ipsum dolor sit amet, consectetuer adipiscing elit.");
INSERT INTO `Tragac` (`Korisnik_idKorisnik`,`ime`,`prezime`,`slika`,`CV`,`opis`) VALUES (61,"Lucy","Golden","quis@odioPhasellus.com","libero.Proin@DonecegestasAliquam.net","Lorem ipsum dolor sit amet,"),(62,"Beverly","Lindsay","luctus@Cras.edu","egestas.hendrerit@Aliquamtincidunt.org","Lorem ipsum dolor sit amet, consectetuer adipiscing elit. Curabitur"),(63,"Priscilla","Rivers","quis@sem.ca","ultricies.ligula@dictumauguemalesuada.com","Lorem ipsum dolor sit amet, consectetuer adipiscing elit. Curabitur"),(64,"Ocean","Knowles","magnis@molestietortor.org","malesuada.ut.sem@dictumeu.net","Lorem ipsum"),(65,"Zenia","Cross","aliquet@lectuspede.co.uk","hendrerit.a@massanonante.org","Lorem ipsum dolor sit amet,"),(66,"Dara","Stark","adipiscing.fringilla.porttitor@orciUtsagittis.net","purus.mauris.a@quisdiamPellentesque.com","Lorem ipsum dolor sit"),(67,"Justine","Carrillo","aliquet.molestie.tellus@vitaeposuereat.com","et.magna@dapibus.net","Lorem ipsum dolor sit amet, consectetuer adipiscing"),(68,"Hammett","Dean","dolor.Fusce.mi@justonec.org","sem.elit.pharetra@hendreritnequeIn.net","Lorem ipsum dolor sit"),(69,"Roanna","Gates","vestibulum@etarcuimperdiet.edu","molestie.orci@tincidunt.org","Lorem ipsum dolor sit amet,"),(70,"Ishmael","Gallegos","Donec@nec.net","augue@nisiaodio.com","Lorem");
INSERT INTO `Tragac` (`Korisnik_idKorisnik`,`ime`,`prezime`,`slika`,`CV`,`opis`) VALUES (71,"Keane","Powers","rutrum.lorem@adipiscingenimmi.org","gravida.mauris@eleifend.co.uk","Lorem ipsum"),(72,"Blythe","Russo","auctor.velit.eget@ametanteVivamus.net","Mauris.eu.turpis@tellusNunc.org","Lorem ipsum dolor sit"),(73,"Kameko","Curtis","lobortis.augue.scelerisque@diamlorem.co.uk","tristique.aliquet.Phasellus@egestasblandit.co.uk","Lorem ipsum dolor sit amet,"),(74,"Tamara","Mayer","tellus.Nunc@orci.co.uk","tincidunt.pede.ac@cursus.net","Lorem ipsum"),(75,"Chastity","Schwartz","a.tortor.Nunc@nec.com","Quisque.varius@estMauriseu.org","Lorem ipsum dolor sit amet, consectetuer adipiscing elit. Curabitur sed"),(76,"Stewart","Velazquez","Nulla.facilisi@Donecluctusaliquet.edu","eget.lacus@convalliserat.co.uk","Lorem ipsum"),(77,"Mira","Sheppard","lorem.eget@nisiAenean.edu","eu.accumsan@famesac.org","Lorem ipsum dolor sit amet,"),(78,"Lucius","Wilson","Nulla.aliquet@hendrerit.org","libero.Proin@consequat.com","Lorem ipsum"),(79,"Urielle","Cox","ac@facilisisSuspendissecommodo.co.uk","et.magnis@justoPraesent.co.uk","Lorem ipsum dolor sit"),(80,"Kaye","Johnson","Aliquam.erat.volutpat@odioEtiam.edu","quis@Namnullamagna.net","Lorem ipsum dolor sit amet, consectetuer adipiscing elit. Curabitur sed");
INSERT INTO `Tragac` (`Korisnik_idKorisnik`,`ime`,`prezime`,`slika`,`CV`,`opis`) VALUES (81,"Rooney","Hays","imperdiet@nectempusscelerisque.ca","ullamcorper@auctorquis.edu","Lorem ipsum dolor sit amet, consectetuer"),(82,"Mary","Joyner","Cras.eu.tellus@Crasconvallis.ca","Aliquam.nec.enim@molestie.org","Lorem ipsum dolor"),(83,"Tiger","Kline","pede.et@eulacus.org","tincidunt.orci@telluseuaugue.org","Lorem ipsum dolor sit amet, consectetuer adipiscing elit. Curabitur"),(84,"Mikayla","Mcbride","Maecenas@amet.ca","dictum@orciquis.net","Lorem ipsum dolor sit amet, consectetuer adipiscing elit. Curabitur sed"),(85,"Chelsea","Brennan","sem@malesuada.com","cursus@nonhendrerit.net","Lorem ipsum dolor sit amet, consectetuer adipiscing"),(86,"Tyler","Abbott","facilisis.magna.tellus@nondapibusrutrum.net","eleifend@purus.org","Lorem ipsum dolor sit amet, consectetuer adipiscing elit. Curabitur"),(87,"Mufutau","Hamilton","sit@eratVivamusnisi.com","lorem@felisullamcorperviverra.ca","Lorem ipsum dolor sit amet, consectetuer"),(88,"Carolyn","Everett","turpis.Nulla.aliquet@metussit.com","Donec.tempor@tempus.org","Lorem ipsum dolor sit amet, consectetuer adipiscing elit. Curabitur"),(89,"Griffith","Carlson","Nullam.suscipit.est@consequat.ca","euismod@leo.ca","Lorem ipsum dolor sit amet, consectetuer adipiscing"),(90,"Nora","Reed","metus@nisiCum.org","ipsum@risus.edu","Lorem ipsum dolor sit amet, consectetuer");
INSERT INTO `Tragac` (`Korisnik_idKorisnik`,`ime`,`prezime`,`slika`,`CV`,`opis`) VALUES (91,"Daniel","Grimes","Suspendisse@risusatfringilla.org","aliquet@Aliquam.net","Lorem ipsum dolor"),(92,"Sonya","Dickson","Proin.vel.nisl@nislNullaeu.org","libero.nec@aliquam.com","Lorem ipsum dolor"),(93,"Orson","Reilly","pede.Suspendisse@Curabiturdictum.co.uk","in.lobortis.tellus@blanditat.co.uk","Lorem ipsum dolor"),(94,"Kyla","Holland","a.nunc@ipsumdolor.co.uk","luctus@turpis.co.uk","Lorem ipsum dolor sit amet,"),(95,"Amber","Valencia","pede@adipiscingMaurismolestie.com","feugiat.placerat.velit@in.ca","Lorem ipsum"),(96,"Quinn","Riggs","Proin.ultrices@sitamet.com","molestie.in.tempus@tincidunt.ca","Lorem ipsum dolor sit amet,"),(97,"Gabriel","Abbott","mattis@atarcuVestibulum.edu","nisi.magna.sed@placeratvelit.edu","Lorem ipsum dolor sit amet, consectetuer adipiscing elit. Curabitur"),(98,"Marcia","Pennington","congue.turpis@elementum.com","vitae.diam.Proin@luctus.net","Lorem ipsum dolor sit"),(99,"Denise","Crosby","in@eueratsemper.org","turpis.Aliquam.adipiscing@amalesuada.org","Lorem ipsum dolor sit amet, consectetuer"),(100,"Harriet","Woods","orci.tincidunt@quisturpis.org","a.odio@loremacrisus.ca","Lorem");

INSERT INTO `Prati` (`Tragac_Korisnik_idKorisnik`,`Poslodavac_Korisnik_idKorisnik`) VALUES (1,7),(2,36),(3,48),(4,70),(5,77),(6,29),(7,51),(8,1),(9,30),(10,4);
INSERT INTO `Prati` (`Tragac_Korisnik_idKorisnik`,`Poslodavac_Korisnik_idKorisnik`) VALUES (11,32),(12,56),(13,67),(14,87),(15,30),(16,24),(17,71),(18,36),(19,40),(20,17);
INSERT INTO `Prati` (`Tragac_Korisnik_idKorisnik`,`Poslodavac_Korisnik_idKorisnik`) VALUES (21,45),(22,88),(23,52),(24,49),(25,33),(26,56),(27,94),(28,53),(29,91),(30,64);
INSERT INTO `Prati` (`Tragac_Korisnik_idKorisnik`,`Poslodavac_Korisnik_idKorisnik`) VALUES (31,55),(32,66),(33,3),(34,80),(35,51),(36,24),(37,92),(38,47),(39,15),(40,46);
INSERT INTO `Prati` (`Tragac_Korisnik_idKorisnik`,`Poslodavac_Korisnik_idKorisnik`) VALUES (41,97),(42,44),(43,6),(44,94),(45,93),(46,97),(47,80),(48,4),(49,99),(50,90);
INSERT INTO `Prati` (`Tragac_Korisnik_idKorisnik`,`Poslodavac_Korisnik_idKorisnik`) VALUES (51,25),(52,18),(53,29),(54,47),(55,77),(56,27),(57,100),(58,56),(59,61),(60,14);
INSERT INTO `Prati` (`Tragac_Korisnik_idKorisnik`,`Poslodavac_Korisnik_idKorisnik`) VALUES (61,98),(62,61),(63,75),(64,67),(65,86),(66,87),(67,52),(68,38),(69,49),(70,63);
INSERT INTO `Prati` (`Tragac_Korisnik_idKorisnik`,`Poslodavac_Korisnik_idKorisnik`) VALUES (71,94),(72,37),(73,31),(74,37),(75,74),(76,10),(77,100),(78,80),(79,34),(80,12);
INSERT INTO `Prati` (`Tragac_Korisnik_idKorisnik`,`Poslodavac_Korisnik_idKorisnik`) VALUES (81,99),(82,89),(83,66),(84,64),(85,12),(86,23),(87,64),(88,74),(89,60),(90,95);
INSERT INTO `Prati` (`Tragac_Korisnik_idKorisnik`,`Poslodavac_Korisnik_idKorisnik`) VALUES (91,59),(92,13),(93,59),(94,23),(95,33),(96,19),(97,90),(98,49),(99,96),(100,89);

INSERT INTO `Prijava` (`Tragac_Korisnik_idKorisnik`,`Oglas_idOglas`) VALUES (1,10),(2,90),(3,20),(4,62),(5,81),(6,1),(7,44),(8,57),(9,28),(10,5);
INSERT INTO `Prijava` (`Tragac_Korisnik_idKorisnik`,`Oglas_idOglas`) VALUES (11,47),(12,40),(13,14),(14,53),(15,43),(16,3),(17,28),(18,31),(19,26),(20,60);
INSERT INTO `Prijava` (`Tragac_Korisnik_idKorisnik`,`Oglas_idOglas`) VALUES (31,52),(32,39),(33,46),(34,1),(35,92),(36,82),(37,58),(38,80),(39,71),(40,34);
INSERT INTO `Prijava` (`Tragac_Korisnik_idKorisnik`,`Oglas_idOglas`) VALUES (41,65),(42,1),(43,96),(44,10),(45,76),(46,8),(47,45),(48,81),(49,91),(50,76);
INSERT INTO `Prijava` (`Tragac_Korisnik_idKorisnik`,`Oglas_idOglas`) VALUES (51,79),(52,69),(53,62),(54,39),(55,11),(56,52),(57,8),(58,7),(59,32),(60,53);
INSERT INTO `Prijava` (`Tragac_Korisnik_idKorisnik`,`Oglas_idOglas`) VALUES (61,8),(62,73),(63,6),(64,36),(65,51),(66,34),(67,87),(68,92),(69,87),(70,80);
INSERT INTO `Prijava` (`Tragac_Korisnik_idKorisnik`,`Oglas_idOglas`) VALUES (71,21),(72,8),(73,77),(74,33),(75,55),(76,28),(77,3),(78,68),(79,68),(80,40);
INSERT INTO `Prijava` (`Tragac_Korisnik_idKorisnik`,`Oglas_idOglas`) VALUES (81,66),(82,23),(83,54),(84,93),(85,14),(86,12),(87,43),(88,41),(89,79),(90,28);
INSERT INTO `Prijava` (`Tragac_Korisnik_idKorisnik`,`Oglas_idOglas`) VALUES (91,23),(92,99),(93,73),(94,63),(95,16),(96,65),(97,98),(98,79),(99,37),(100,15);
